beer_name,brewery,city,state,style,abv,date,notes,rating,serving_type,venue_name,venue_city,venue_state,venue_country,catalog_beer_id,venue_latitude,venue_longitude
Orville Smoked Helles,Living Haus Beer Co,Portland,OR,Smoked Helles,5.1,2026-02-28,Youtube Video: The Perfect Pi Hole Upgrade - Technitium Recursive DNS Server,2.75,can,,,,,,,
Caribbean Passion,Alvarado Street Brewing,Salinas,CA,Imperial Sour Ale,10.0,2026-02-18,Youtube Video: Nvidia DGX Spark as a Mini Desktop PC? - Featuring Dell Pro Max GB10,4.25,can,Alvarado Street Brewing,Salinas,CA,US,,36.6744117,-121.6550370
Hoppy Blonde,BJ's Brewhouse,Temple,TX,Kolsch-Style Ale,6.5,2026-01-31,Youtube Video: New Server (Node) Day - Expensive Upgrades for the Microcloud,4.5,can,,,,,,,
XPA the EXperimental IPA,Ninkasi Brewing,Eugene,OR,IPA,6.5,2026-01-27,Youtube Video: Run ANY Device You Own Through A VPN - VPN Gateway Tutorial 2026,3.0,crowler,,,,,,,
Megalodon,Ninkasi Brewing,Eugene,OR,Triple IPA,10.0,2026-01-15,Youtube Video: More X79 Microcloud Shenanigans - Proxmox Backup Server Install,4.25,cask,Foam & Froth,Hood River,OR,US,,45.5311636,-121.6475587
Beer Nerds,Mortalis Brewing,Avon,NY,,6.0,2026-01-06,Youtube Video: My favorite mouse got an upgrade! - Elecom Huge Plus,2.25,draft,,,,,,,
Percentage of Survival,Drekker Brewing,Fargo,ND,IPA,7.0,2025-12-23,Youtube Video: Installing Proxmox on my X79 Microcloud was beyond frustrating...,2.0,crowler,Drekker Brewing,Fargo,ND,US,,46.8763079,-96.8078928
Holy Ghost WCIPA,Boneyard Brewing,Portland,OR,West Coast IPA,6.66,2025-12-07,Youtube Video: The FASTEST Desktop GPU crammed into an Office PC - Dell Pro Max Tower T2 + RTX 6000 Pro Blackwell,3.75,growler,,,,,,,
Fresh Squeezed IPA,Deschutes Brewing,Bend,OR,"Fresh ""Wet"" Hop Ale",6.4,2025-11-25,Youtube Video: Is the Nvidia Tesla V100 still good for AI? - Inspur DGX V100 vs RTX 5090,3.5,can,The Ale House,Vancouver,WA,US,04cc69e9-8350-422c-bcb0-de19538df3a3,45.6306954,-122.6744557
Pirate Stout Rum-Barrel Aged,Santiam Brewing,Salem,OR,Stout,8.0,2025-11-09,Youtube Video: $399 For Eight Nodes - The Perfect Homelab Server???,1.25,can,,,,,,,
The Waldo's 2025 IPA,Lagunitas Brewing,Petaluma,CA,IPA,11.4,2025-10-10,Youtube Video: AMD Strix Halo Mini Workstation - Minisforum MS-S1 Max,4.0,can,,,,,,,
Hophoria IPA,Evasions Brewing,McMinnville,OR,IPA (Gluten Free),6.1,2025-09-26,Youtube Video: Automating My 3-2-1 Backups with TrueNAS and ZFS,3.0,can,Evasions Brewing,McMinnville,OR,US,,45.2100367,-123.1944630
Dead & Dead Oak Finished Dead Guy Ale,Rogue Ales and Spirits,Florence,OR,,9.5,2023-02-28,"Youtube Video: Server Rack Tour 2021 - Epyc Rome and Ice Lake, OH MY!",2.25,can,,,,,,,
1859 Maibock,Santiam Brewing,Salem,OR,Maibock,6.1,2025-09-06,Youtube Video: Dual GPU Gaming Is Back??? The Lossless Scaling Video,4.75,draft,,,,,,,
Orbital Plane,Triangulum Collab Series,,,West Coast IPA,8.0,2025-08-09,Youtube Video: 245TB SSDs and a 5.9 PETABYTE Enclosure - FMS 2025 Wrap-up,2.0,bottle,The Fermentation Lounge,Minneapolis,MN,US,,44.9772995,-93.2654692
Black Butte Porter,Deschutes Brewing,Bend,OR,Brown Porter,5.2,2025-08-04,Youtube Video: Do YOU Need a Threadripper? - Threadripper 9970X vs Ryzen 9950X3D,1.0,cask,Deschutes Brewing,Bend,OR,US,f0786487-955e-419d-85df-bebfc9637ad4,44.0581728,-121.3153096
Pretty Pretty Pretty Good IPA,Matchless Brewing,Tumwater,WA,IPA,6.8,2025-07-30,Youtube Video: One last attempt - NVIDIA RTX 4000 ADA SFF in a Minisforum MS-A2 - n3rdware Cooler,4.0,draft,,,,,,,
3-Way IPA 2025,Fort George Brewing,Astoria,OR,American-Style India Pale Ale,7,2025-07-26,Youtube Video: Proxmox CEPH Cluster Tutorial - I'm never going back!,3.25,growler,Fort George Brewing,Astoria,OR,US,fe9d5f91-2c14-40a0-abf9-bb7e7d6c6c4d,46.1908832,-123.8442254
Anytime Lemonade Shandy,Deschutes Brewing,Bend,OR,Shandy,5.0,2025-07-16,Youtube Video: An 8-Core Fanless Mini PC for your Homelab? - MINIX Z300,3.25,crowler,The Beerded Lady,Portland,OR,US,,45.5202471,-122.6741940
Rebellions are Built on Hops,Level Beer,Portland,OR,,6.7,2025-07-08,Youtube Video: Testing AMD's HX 370 in Proxmox - Acemagic F3A,1.25,bottle,,,,,,,
CHOMP CHOMP,The Brewing Project,Eau Claire,WI,Imperial Sour Ale,6.9,2025-06-11,Youtube Video: Creating a Linux Gaming VM with Bazzite - Cloud Gaming Server Tutorial,4.75,can,,,,,,,
Moon Man,New Glarus Brewing Co,New Glarus,WI,No-Coast Pale Ale,,2025-05-31,Youtube Video: The Best Made Better - Minisforum MS A2,5.0,can,,,,,6575af14-3b6a-49fe-babc-694c56461ced,,
RESIST,The Brewing Project,Eau Claire,WI,Milkshake IPA,8.7,2025-04-30,Youtube Video: Blazing Fast OLED Gaming Handheld - OneXPlayer F1 Pro Review,3.0,can,The Brewing Project,Eau Claire,WI,US,,44.8113490,-91.4984941
Mystery of the Flying Lotus,Brothers Cascadia Brewing,Vancouver,WA,Hazy IPA,6.5,2025-04-22,Youtube Video: I built this PC WRONG... Does it matter?,3.5,bottle,,,,,,,
Sticky Hands NWIPA,Block 15 Brewing,Corvallis,OR,Northwest IPA,8.1,2025-04-16,Youtube Video: The COOLEST Server Rack Accessory - 45Drives BEERINATOR,2.75,cask,Block 15 Brewing,Corvallis,OR,US,,44.5645659,-123.2620435
Bubble Stash IPA,Hop Valley,Bend,OR,IPA,,2025-03-29,Youtube Video: Modding a Status LCD into my ITX PC for CHEAP!,3.75,bottle,Hop Valley,Bend,OR,US,,44.0581728,-121.3153096
Coastal Evacuation,Cape May Brewing,Cape May,NJ,Imperial or Double India Pale Ale,8,2025-03-07,Youtube Video: Itty Bitty Living Space - RTX 5090 SFF Build and Test!,4.75,can,,,,,eb0f993e-1303-4a5e-9a64-0bc82b5f94fd,,
Sea Dragon IPA,Asbury Park Brewing,Asbury Park,NJ,IPA,7.0,2025-03-04,Youtube Video: Sticking an RTX 5070 into an old PC... Good Idea???,1.75,bottle,,,,,,,
Pirate Stout Rum Barrel Aged Coconut Stout,Santiam Brewing,Salem,OR,Stout,8.0,2025-02-24,Youtube Video: DIY Mini Steam Machine for $250! - Lenovo M720Q + RX 6400,2.75,draft,Brewski Bar,Bend,OR,US,,44.0581728,-121.3153096
Cosmic Little Thing IPA,Sierra Nevada,Chico,CA,Hazy Double IPA,8.0,2025-02-19,Youtube Video: Wasted Potential - RTX 5070 Ti Review,3.75,bottle,McGinty's Pub,Seattle,WA,US,,47.6038321,-122.3300620
Haze Ghost Coast to Coast,Silver Falls Brewing,Silverton,OR,,7.2,2025-02-05,"Youtube Video: The RTX 5080, Zotac Solid OC Overclocking, and the Paper Launch",5.0,growler,Silver Falls Brewery,Silverton,OR,US,,45.0045413,-122.7820600
Head High IPA,Kane Brewing Company,Ocean,NJ,American-Style India Pale Ale,6.5,2025-01-29,Youtube Video: Who was this for? - Piccolo by X+ G-Series1 Gaming Tablet,4.5,can,The Mash Tun,Denver,CO,US,208b3704-ffc2-470b-bafb-6082e2847bfa,39.7392364,-104.9848620
Pixelated Pale Ale,Level Beer,Portland,OR,Pale Ale,6.1,2025-01-25,Youtube Video: Introducing the SUPERCAR of the GPU World - Nvidia RTX 5090 Review,2.0,growler,,,,,,,
Straffe Hendrik Oak Aged Quadrupel Blend,Da Halve Moon,Bruges,Belgium,Quadrupel,11.0,2024-12-28,Youtube Video: The BEST AliExpress X99 Motherboard for Servers! - Cloud Star CS612 NAS Build,1.25,cask,,,,,,,
MechaRaven,Black Raven Brewing,Woodinville,WA,Double IPA,8.0,2024-12-15,Youtube Video: The Perfect Alternative to Windows AND SteamOS - Bazzite OS Review,5.0,can,Pint & Fork,Seattle,WA,US,,47.6038321,-122.3300620
Old Chico Wheat Ale,Sierra Nevada,Chico,CA,Wheat Ale,4.8,2024-12-03,Youtube Video: Cramming an RTX 4000 into the Minisforum MS-01! - N3rdware GPU Cooler Mod,3.5,cask,,,,,,,
Juice Dust IPA,Elysian Brewing,Seattle,WA,IPA,8.2,2024-11-27,Youtube Video: RTX 3080 Ti and 12700KF are still AWESOME in 2024,3.5,bottle,Elysian Brewing,Seattle,WA,US,,47.6139598,-122.3157647
Hawaiian Shirt Party,The Brewing Project,Eau Claire,WI,Imperial Sour Ale,7.4,2024-11-21,Youtube Video: The BEST Portable Monitor I've Reviewed Yet... AND THERE'S TWO!,3.5,draft,The Hop Yard,Buffalo,NY,US,,42.8864163,-78.8781493
Dare Mighty Things,The Brewing Project,Eau Claire,WI,Hazy IPA,6.1,2024-11-18,Youtube Video: UNLIMITED POWER! - Benchmarking Intel Xeon 6,2.5,can,,,,,,,
Bourbon Barrel Barleywine Ale,pFriem Brewing,Portland,OR,Barleywine,11.0,2024-11-06,Youtube Video: AMD's Worst Kept Secret - Ryzen 9800X3D Launch Review,3.75,growler,PFriem,Portland,OR,US,,45.5202471,-122.6741940
Dead & Dead,Rogue Ales and Spirits,Newport,OR,Wood- and Barrel-Aged Beer,7.9,2024-10-16,"Youtube Video: Same Scam, Different Day - Fake 4TB NVMe Drive",4.25,cask,Rogue Ales and Spirits,Newport,OR,US,81d40392-7e19-43b9-bb0f-5ecf31642309,44.6367550,-124.0534420
Trooper Original,Robinsons Brewery,Cheshire,England,,4.7,2024-10-14,Youtube Video: Running VMs in TrueNAS Scale - Should you run this instead of Proxmox?,2.75,can,Draft Republic,San Diego,CA,US,,33.1245356,-117.3243667
Pallet Trick IPA,Black Raven Brewing,Woodinville,WA,IPA,6.5,2024-09-27,Youtube Video: Intel Granite Rapids Xeon 6900P - Launch Details and Impressions,3.5,growler,McGinty's Pub,Seattle,WA,US,,47.6038321,-122.3300620
Rogue Berry Blonde,Rogue Ales and Spirits,Newport,OR,Blonde,4.7,2024-09-12,Youtube Video: The BEST Upgrade For Your Gaming Setup - Fractal Design Refine,2.5,cask,Craft Corner,Burlington,VT,US,,44.4761601,-73.2129060
Cosmic Little Thing Hazy Double IPA,Sierra Nevada,Chico,CA,Hazy Double IPA,8.0,2024-08-24,Youtube Video: 45Drives New 8-Bay HomeLab Server!,4.75,growler,Sierra Nevada,Chico,CA,US,,39.7225867,-121.8153467
Eagle Lake IPA,Lassen Aleworks,Susanville,CA,American-Style India Pale Ale,5.7,2024-08-22,Youtube Video: How fast is an RTX A5000? - Cloud Gaming Server Pt.22,1.75,draft,,,,,604370a8-5e83-4de7-89df-092ef5921c6b,,
Latte Praline,Beauregard Microbrew and Distillery,Montreal,QC Canada,,8.2,2024-08-17,Youtube Video: Asus Business WiFi devices... Worth a look?,4.25,draft,Beauregard Microbrew and Distillery,Montreal,QC,Canada,,45.5031824,-73.5698065
Black Butte Porter,Deschutes Brewing,Bend,OR,Brown Porter,5.2,2024-08-13,Youtube Video: Self-Hosted AI Image Generation - InvokeAI,4.25,draft,The Growler Station,Portland,OR,US,f0786487-955e-419d-85df-bebfc9637ad4,45.5202471,-122.6741940
The Prodigal Haze Part IV,Tree House Brewing,Charlton,MA,,9.0,2024-08-05,Youtube Video: TWELVE Hard Drives in a 1U Chassis! - Tyan GT86C Build and Review,2.5,growler,,,,,,,
Gaspesienne No. 13,Pit Caribou,Gaspe Peninsula,QC Canada,Robust Porter,,2024-07-27,,3.5,bottle,Pit Caribou,Gaspe Peninsula,QC,Canada,,48.6146774,-66.0665726
Real Sticky,Treehouse Brewing,Brimfield,MA,,7.4,2024-07-15,Youtube Video: Assembling SNMP Temperature Sensors and Answering Your Questions,5.0,can,The Beerded Lady,Portland,OR,US,,45.5202471,-122.6741940
I Got All These Numbers In My Head,Bellflower Brewing,Portland,ME,,,2024-06-28,Youtube Video: I'm so tired of this... Handheld Reviews and Crowdfunding,1.5,bottle,Bellflower Brewing,Portland,ME,US,,43.6573605,-70.2586618
Tiramisu Death,Iron Horse Brewing,Ellensburg,WA,,7.0,2024-06-22,Youtube Video: I switched to Linux 30 days ago... How did it go?,2.75,bottle,Iron Horse Brewery,Ellensburg,WA,US,,47.0008215,-120.5204659
Cookie Death,Iron Horse Brewing,Ellensburg,WA,Smooth Dark Ale,7.8,2024-06-18,Youtube Video: Gaming on NVIDIA Tesla GPUs - Part 2 - NVIDIA Pascal,4.75,cask,The Taproom,Portland,OR,US,,45.5226257,-122.6903512
Fair-Dinkum Australian Hazy IPA,Drop Bear Brewing,Eugene,OR,Hazy IPA,5.9,2024-06-12,Youtube Video: A BRAND NEW Console for my Server Rack,2.75,growler,,,,,,,
Wile Ryly IPA,Drop Bear Brewing,Eugene,OR,IPA,7.2,2024-05-13,Youtube Video: IT'S WORKING! - Asus ESC4000 G3 Custom Power Cables,4.75,bottle,Drop Bear Brewery,Eugene,OR,US,,44.0292606,-123.0910580
Belgian-Style Blonde Ale,pFriem Brewing,Portland,OR,Belgian Blonde,7.5,2024-05-01,Youtube Video: Is this STILL the Fastest SFF GPU??? - RTX 4060 Low-Profile Review,3.75,crowler,Pfriem Brewing,Portland,OR,US,,45.5202471,-122.6741940
South Pacific IPA,pFriem Brewing,Hood River,OR,IPA,6.8,2024-04-26,Youtube Video: FOUR GPUs in a 2U Box! - Asus ESC4000 G3,2.75,crowler,Pint & Fork,Seattle,WA,US,,47.6038321,-122.3300620
Hustle Imperial IPA,Fremont Brewing,Seattle,WA,Imperial IPA,9.0,2024-04-20,Youtube Video: External Graphics Cards are never worth it - ONEXGPU Review,4.75,draft,,,,,,,
Deuce Coupe IPA,Ratchet Brewing,Silverton,OR,IPA,6.8,2024-04-12,Youtube Video: Raptor Lake Mobile on an ITX Motherboard - 10729 13900H ES Review,5.0,can,,,,,,,
Charmed Life Irish Red Ale,Block 15 Brewing,Corvallis,OR,Irish Red Ale,5.0,2024-04-04,Youtube Video: Nvidia Tesla P100 vGPU Cloud Gaming Performance!,3.5,cask,,,,,,,
Winter Ale,pFriem Brewing,Hood River,OR,Winter Ale,7.5,2024-02-18,Youtube Video: Is the Minisforum MS-01 Worth It for Homelabs?,4.75,growler,,,,,,,
Game On IPA,Level Beer,Portland,OR,IPA,,2024-02-12,Youtube Video: This keyboard broke my brain,1.5,bottle,The Mash Tun,Denver,CO,US,,39.7392364,-104.9848620
Extra Pale,pFriem Brewing,Hood River,OR,Pale Ale,6.5,2024-02-05,Youtube Video: PART 2! - Proxmox on Intel's Hybrid Big Little - IT WORKS!,4.75,growler,,,,,,,
Like Yesterday 90s IPA,Silver Falls Brewing,Silverton,OR,IPA,7.4,2024-01-29,Youtube Video: Does Proxmox work with BIG/little CPUs? Testing Intel's Hybrid Chips in Virtualization!,4.0,bottle,Brewski Bar,Bend,OR,US,,44.0581728,-121.3153096
All Ways Down Hopburst Double IPA,10 Barrel Brewing,Bend,OR,Double IPA,9.0,2024-01-22,Youtube Video: The most DISAPPOINTING Mini PC I've Ever Reviewed - Khadas Mind,3.75,bottle,10 Barrel Brewing,Bend,OR,US,,44.0857141,-121.2810135
N/A IPA,10 Barrel Brewing,Bend,OR,IPA (Non-Alcoholic),0.5,2024-01-16,Youtube Video: FINALLY time to upgrade your 1080 or 2080??!? - nVidia RTX 4070 Super Review,1.75,crowler,,,,,,,
Las Pinas Barrel Aged Ale,pFriem Brewing,Portland,OR,,,2023-12-27,Youtube Video: This Tiny GPU Packs Some SERIOUS Power!!! - RTX 4000 Ada Generation SFF Review,1.5,cask,Suds & Grub,Corvallis,OR,US,,44.5645659,-123.2620435
Green Hundreds,Matchless Brewing,Tumwater,WA,,,2023-12-19,Youtube Video: Goodbye IPMI - Blicube BliKVM V4 Review,2.5,growler,,,,,,,
MEGA OBJECT Hazy Double IPA,Here Today Brewery & Kitchen,Seattle,WA,Hazy Double IPA,8.3,2023-12-03,Youtube Video: THIS is the NAS I've been waiting for! - IceWhale ZimaCube N100 Review,1.5,draft,,,,,,,
Fresh Hop Fiend,Stoup Brewing,Seattle,WA,Fresh Hop,,2023-11-27,Youtube Video: I bought a PC for $50. Let's upgrade it!,1.25,can,,,,,,,
Jubilale Festive Winter Ale,Deschutes Brewing,Bend,OR,Winter Ale,6.7,2023-11-22,Youtube Video: The 150-Watt 64-Core CPU - AMD Epyc 8534P,1.0,can,The Local,Eugene,OR,US,,44.0505054,-123.0950506
Proper Fence NZ Pilsner,Ex Novo Brewing,Portland,OR,NZ Pilsner,4.8,2020-07-22,Youtube Video: What to do with a Degraded ZFS Pool,3.25,cask,,,,,,,
Scotch Ale Barley Beer,The House Brewing Company,Charlton,MA,Scotch Ale,8.4,2023-11-08,Youtube Video: The 45Drives HomeLab Server Is Here!!!,3.75,growler,Sullivan's Taphouse,Portland,OR,US,,45.5202471,-122.6741940
Germinal IPA Americaine,Les Sans Tavern,Montreal,QC Canada,IPA,6.2,2023-10-27,Youtube Video: Shhh... there's a New Dark Rock Pro,3.0,cask,Les Sans Tavern,Montreal,QC,Canada,,45.5031824,-73.5698065
Neon Snowpocalypse,Rogue Ales and Spirits,Newport,OR,,8.2,2023-10-26,Youtube Video: A NEW AR GLASSES CHALLENGER??? - TCL NXTWEAR S Review,2.75,cask,,,,,,,
First Ride Coffee,Athletic Brewing,Stratford,CT,Non-Alcoholic,0.5,2019-09-29,Youtube Video: The Latte Panda Sigma is a BEAST... kinda,3.25,draft,The Growler Station,Portland,OR,US,,45.5202471,-122.6741940
Electric Dream Machine IPA,Parallel 45 Brewing,Independence,OR,IPA,7.0,2023-10-11,Youtube Video: Testing Sub $50 Space-Saving Peripherals - Blitz Review!,1.5,crowler,The Ale House,Vancouver,WA,US,,45.6306954,-122.6744557
Torpedo Imperial IPA,Sierra Nevada,Chico,CA,American-Style India Pale Ale,7.2,2023-10-05,Youtube Video: Proxmox 8.0 - PCIe Passthrough Tutorial,1.0,bottle,The Local,Eugene,OR,US,2ace68ab-73e6-4477-8682-84eac7fb246f,44.0505054,-123.0950506
Full Contact Imperial Hazy IPA,Elysian Brewing,Seattle,WA,Imperial Hazy IPA,,2023-09-30,"Youtube Video: The Rules of Building Homelab Servers, and How To Break Them - ZimaBlade 7700 Overview",2.75,can,Suds & Grub,Corvallis,OR,US,,44.5645659,-123.2620435
Eclipsosaurus IPA,Ninkasi Brewing,Eugene,OR,IPA,,2023-09-29,Youtube Video: 10Gb + 100Gb Linux-based Distribution Switch!,2.5,can,Craft Corner,Burlington,VT,US,,44.4761601,-73.2129060
Tiki Fusion Zombie IPA,Lagunitas Brewing,Petaluma,CA,IPA,,2023-09-05,Youtube Video: The OneXFly is Everything RIGHT and WRONG with Handhelds Today.,4.75,can,Craft Corner,Burlington,VT,US,,44.4761601,-73.2129060
Fort George Focus,Fort George Brewing,Astoria,OR,West Coast IPA,6.5,2021-04-09,"Youtube Video: Great Concept, Terrible Execution - YoloBox Pro Review",2.75,can,Suds & Grub,Corvallis,OR,US,,44.5645659,-123.2620435
Irish Red,Athletic Brewing,Stratford,CT,Non-Alcoholic,,2023-09-14,Youtube Video: The LARGEST 4K Monitor I've Ever Reviewed - NexiGo Aurora Pro Short Throw 4K Projector,4.75,crowler,McGinty's Pub,Seattle,WA,US,,47.6038321,-122.3300620
All That I have Learned,Adroit Theory,Purcellville,VA,Russian Imperial Stout (Maple Bourbon BA),16.66,2023-08-22,Youtube Video: Let's Install Proxmox 8.0!,2.0,growler,Foam & Froth,Hood River,OR,US,,45.5311636,-121.6475587
Game On IPA,Level Up Brewing,Portland,OR,IPA,,2023-08-01,Youtube Video: THE XBOX ONE S PC MOD IS FINISHED,4.0,growler,Level Up Brewing,Portland,OR,US,,45.5202471,-122.6741940
Twilight Summer Ale,Deschutes Brewing,Bend,OR,American-Style Pale Ale,5,2019-06-01,Youtube Video: Let's talk about Mini PCs - Xulu XR1 Pro Review,4.5,can,McGinty's Pub,Seattle,WA,US,a1a8f61c-994a-4da2-a779-eb7408726304,47.6038321,-122.3300620
Lunar Series Dark Side Stout,Silver Moon Brewing,Bend,OR,Stout,,2023-07-11,Youtube Video: 2x10-Gig and 3x2.5-Gig in the palm of your hand! - GW-R86S-U4 Server / Router review,2.25,draft,The Hop Yard,Buffalo,NY,US,,42.8864163,-78.8781493
Dank Dust 2023,Elysian Brewing,Seattle,WA,,,2023-06-20,Youtube Video: Jginyue X99 ITX Motherboard... Should you buy one?!?,4.75,cask,Elysian Brewing,Seattle,WA,US,,47.6139598,-122.3157647
Joe IPA,10 Barrel Brewing,Bend,OR,American-Style India Pale Ale,6.9,2023-05-31,Youtube Video: Why Does This Handheld Exist???,2.0,crowler,,,,,a5728352-c625-4c95-9abf-6952493e923a,,
Blast Beat Sultana Hop IPA,,,,,,2023-04-26,Youtube Video: Move Over Raspberry Pi,2.0,cask,Brewski Bar,Bend,OR,US,,44.0581728,-121.3153096
Unicorn F@rts - After Dark,DuClaw Brewing,Baltimore,MD,Chocolate Cinnamon Crunch Breakfast Stout,,2023-04-21,Youtube Video: The Budget GPU of 2023 is from.... 2019??? SJS RTX 2060 Super 8GB Review,3.5,bottle,,,,,,,
'86 IPA,Olde Mother Brewing,Frederick,MD,New England Hazy IPA,,2023-04-15,Youtube Video: Don't Fall For This 'VR' Headset - EXPLO C1 Kickstarter Review,4.0,draft,,,,,,,
Graveyard in the Pacific,North Jetty Brewing,Seaview,WA,Imperial Red Ale,10.0,2023-04-13,Youtube Video: What Do You Actually Get in a $700 NAS??? - Terra Master T6-423 Review,4.0,crowler,Draft Republic,San Diego,CA,US,,33.1245356,-117.3243667
Dead Guy IPA,Rogue Ales and Spirits,Newport,OR,German-Style Heller Bock/Maibock,6.5,2021-04-18,Youtube Video: Chinese X79 Motherboard To The Rescue (Again)!,1.25,crowler,Rogue Ales and Spirits,Newport,OR,US,dfef8155-c227-480e-8944-d6a54e48c6f2,44.6367550,-124.0534420
Amaretto Truffle,Beauregard Brasserie Distillerie,Montreal,QC Canada,Strong Dark Ale,9.0,2023-02-25,Youtube Video: The FASTEST Chinese Motherboard Yet! - Erying mATX i9-11900H Review,5.0,growler,Beauregard Brasserie Distillerie,Montreal,QC,Canada,,45.5031824,-73.5698065
Bourbon Barrel Biggie S'mores Stout,Three Notch Brewing,Charlottesville,VA,Stout,10.8,2023-02-17,Youtube Video: Insane Performance - OneXPlayer 2 Review,2.25,draft,,,,,,,
BLACK Stout Ale,Barsidious Brewing,Lebanon,OR,Stout,8.0,2023-02-07,Youtube Video: Use Your Face in AI Images - Self-Hosted Stable Diffusion Tutorial,1.75,draft,Barsidious Brewing,Lebanon,OR,US,,44.5363364,-122.9072329
Massive Political Corruption,Blue Island Beer Company,Blue Island,IL,Session Beer,4.5,2023-01-19,,4.25,bottle,Blue Island Beer Company,Blue Island,IL,US,e1c9e411-caf4-40a3-9289-44935338ee16,41.6573014,-87.6798710
A Deal With the Devil,Anchorage Brewing,Anchorage,AK,Barleywine (Double Oaked BA),18.21,2022-12-21,Youtube Video: This Beer was $100! Thanks Yeyian!,4.0,cask,,,,,,,
End All Be All,McKenzie Brewing,Eugene,OR,Coffee Oatmeal Stout,6.5,2022-10-08,Youtube Video: 16TB SSD NAS For Under $1200!,4.0,draft,Suds & Grub,Corvallis,OR,US,,44.5645659,-123.2620435
ALLY Hazy IPA,Badger Hill Brewing,Shakopee,MN,Hazy IPA,6.1,2022-12-08,Youtube Video: Gaming on Linux using ZorinOS,1.5,cask,Badger Hill Brewing,Shakopee,MN,US,,44.7940227,-93.4607445
Bunny with a Chainsaw,Paperback Brewing,Woodland Hills,CA,,7.8,2022-11-22,Youtube Video: I ran a Linux Gaming PC at PDXLan... It didn't suck!,1.25,growler,The Mash Tun,Denver,CO,US,,39.7392364,-104.9848620
Preserved in Three Dimensions,Hop Butcher for the World,Darien,IL,Hazy IPA,,2022-11-08,Youtube Video: Tiny Emulation Juggernaut - MinisForum UM580 SFF PC Review,2.25,crowler,The Pour House,Bend,OR,US,,44.0581728,-121.3153096
Lilith's Brethren,Anchorage Brewing,Anchorage,AK,DDHIPA,8.4,2022-11-05,Youtube Video: Why am I NOT happy with the FASTEST consumer CPU ever? - Intel i9 13900K Workstation Upgrade,1.25,draft,,,,,,,
Emperor Julius,Treehouse Brewing,Charlton,MA,East Coast IPA,8.8,2022-10-08,Youtube Video: What is the nVidia Tesla P4? - Cloud Gaming Server Part 17,2.0,cask,Sullivan's Taphouse,Portland,OR,US,,45.5202471,-122.6741940
Nogne O Imperial Stout,Nogne O,,Norway,American-Style Imperial Stout,9,2022-09-23,Youtube Video: Cloud Gaming Server... More than just for Gaming?,3.75,crowler,,,,,173d6611-e097-4c99-94e1-4c2f5265e486,,
Sticky Hands Brewer's Cut,Block 15 Brewing,Corvallis,OR,Double IPA,8.1,2022-09-12,Youtube Video: 40 Gigabit Server Rack Upgrade FAIL,1.5,cask,,,,,,,
Founder's All Day IPA,Founders Brewing,Detroit,MI,IPA,,2022-08-29,Youtube Video: Steam Deck Upgrades Are Here! - Hall Effect Joysticks from GuliKit,3.5,can,,,,,,,
Charmed Life Irish Red Ale,Block 15 Brewing,Corvallis,OR,Irish Red Ale,5.0,2022-08-25,Youtube Video: An ACTUAL Pocket Sized Gaming PC - Aya Neo Air Review,1.0,crowler,Craft Corner,Burlington,VT,US,,44.4761601,-73.2129060
IPA No.5,Ground Breaker Brewing,Portland,OR,IPA (Gluten Free),,2022-08-19,Youtube Video: Changing my mind about Ultrawide Displays - BenQ Mobiux EX3410R Review,2.75,can,Craft & Barrel,Seattle,WA,US,,47.6038321,-122.3300620
Consolation Prize,,,,Double IPA,9.5,2022-08-16,Youtube Video: Ultimate Productivity Enhancer?!?,3.75,cask,Pint & Fork,Seattle,WA,US,,47.6038321,-122.3300620
Solar Cruiser,Ninkasi Brewing,Eugene,OR,Pale Ale,5.2,2022-08-11,Youtube Video: Trash or Treasure - 2013 Mac Pro Upgrade and Review,1.0,growler,McGinty's Pub,Seattle,WA,US,,47.6038321,-122.3300620
Pre-Prohibition Hazy,Ex Novo Brewing,Portland,OR,New England IPA,6.6,2022-08-04,Youtube Video: The Ultimate Steam Deck Accessory,2.75,can,,,,,,,
Lookout IPA,Silver Falls Brewing,Silverton,OR,IPA,6.2,2022-07-26,Youtube Video: Why I DON'T use AMD for Cloud Gaming,1.5,draft,Silver Falls Brewing,Silverton,OR,US,,45.0049305,-122.7832947
Oregon Sunshine Hazy IPA,Silver Falls Brewing,Silverton,OR,Hazy IPA,6.1,2022-07-23,Youtube Video: Ten Pounds of GPUs in a 1U Bag - $259 Cloud Gaming Server!,2.25,draft,The Fermentation Lounge,Minneapolis,MN,US,,44.9772995,-93.2654692
Chocolate Cinnamon Cherry (Double Dipped),Evil Twin Brewing,Mishawaka,NY,Pastry Stout,10.0,2022-07-21,Youtube Video: Old Xeon vs New i5... FIGHT,3.5,cask,Evil Twin Brewing,Mishawaka,NY,US,,,
Under Study Extra Special Bitter Ale,Ex Novo Brewing / Old Standby Brewing,Portland,OR,ESB,5.2,2022-07-13,Youtube Video: Private Cloud Gaming - Comparing Parsec and Moonlight,4.25,growler,Ex Novo Brewing / Old Standby Brewing,Portland,OR,US,,45.5202471,-122.6741940
Geometry Attack DDH IPA,Transient Artisan Ales,Bridgman,MI,DDH IPA,8.0,2022-07-11,Youtube Video: Pixio Makes Pro Monitors??? - PX277 Pro Review,5.0,growler,,,,,,,
Four Devils Golden Belgian Ale,Monkless Belgian Ales,Bend,OR,Belgian Golden Ale,9.0,2022-06-27,"Youtube Video: A Used Xeon, a New GPU and a Linux Install - HP Z440 Gaming/Workstation Build",1.25,can,Monkless Belgian Ales,Bend,OR,US,,44.0581728,-121.3153096
Stereohopic IPA Vol. 4,Lagunitas Brewing,Petaluma,CA,IPA,7.2,2022-06-20,Youtube Video: One Terabyte of RAM for the CRAFTINATOR!,4.0,bottle,The Local,Eugene,OR,US,,44.0505054,-123.0950506
Hop Wave 5,Equilibrium Brewing,Middletown,NY,Hazy IPA,8.5,2022-05-21,Youtube Video: Windows is in Trouble... SteamOS 3.0 on Desktop,3.0,crowler,The Beerded Lady,Portland,OR,US,,45.5202471,-122.6741940
Rainbow Jetplane Hazy IPA,Matchless Brewing,Tumwater,WA,Hazy IPA,6.5,2022-05-10,Youtube Video: Get ready to live again... Sapphire Nitro+ RX 6650 XT,4.0,crowler,Matchless Brewing,Tumwater,WA,US,,46.9708337,-122.8850065
Wheatadore 64,Binary Brewing,,Oregon,American Wheat Ale,5.0,2022-05-07,Youtube Video: SteamDeck Who? - Aya Neo Next Review,3.0,bottle,,,,,,,
Razzle Dazzle Razzle Drone DDH IIPA,Singlecut Brewing,Astoria,NY,DDH IIPA,8.0,2022-05-05,Youtube Video: Configuring ZFS on the CRAFTINATOR!,3.25,can,,,,,,,
Seven IZZup Hazy IPA,Equilibrium Brewing,Middletown,NY,Hazy IPA,,2022-04-23,Youtube Video: MY STOR-INATOR! - 45drives Storinator AV15 Unboxing,2.0,growler,Hopworks Bar & Grill,Eugene,OR,US,,44.0505054,-123.0950506
Technicolor Double Shot Coffee Stout,Treehouse Brewing,Charlton,RI,Coffee Stout,10.8,2021-09-18,Youtube Video: Business in a Box! - Single Server Deployment with the Supermicro 620P Mainstream,5.0,growler,Treehouse Brewing,Charlton,RI,US,,41.8591079,-71.3708189
Sticky Hands Tropical IPA,Block 15 Brewing,Corvallis,OR,Tropical IPA,7.8,2022-04-14,Youtube Video: AliExpress Water Cooling my nVidia Tesla GPUs,4.25,cask,Block 15 Brewing,Corvallis,OR,US,,44.5645659,-123.2620435
Matchless Bar 2022 Imperial Stout,Matchless Brewing,Tumwater,WA,Imperial Stout,11.0,2022-04-06,"Youtube Video: Your Webcam Sucks, and Your Boss Cares",5.0,crowler,The Growler Station,Portland,OR,US,,45.5202471,-122.6741940
Doom Sauce Black IPA,Lord Hobo Brewing,Woburn,MA,Black IPA,7.8,2022-04-01,Youtube Video: No Fooling... IT'S ALIVE! AND REALLY HEAVY!,1.75,cask,,,,,,,
Can You Milk an Oat,New Image Brewing,Arvada,CO,Oat Cream IPA,,2022-03-21,Youtube Video: Proxmox GPU Virtualization Tutorial with Custom Profiles - vGPU_Unlock-RS,2.25,crowler,New Image Brewing,Arvada,CO,US,,39.7996434,-105.0824761
House Rules IPA,Resurgence Brewing Co,Buffalo,NY,Hazy IPA,,2022-03-08,Youtube Video: Build a Server From Old Gaming Parts,2.25,draft,,,,,,,
Motto Floozy,Ratchet Brewing,Silverton,OR,Blonde Ale,5.6,2022-03-01,Youtube Video: Let's put a PC in an XBOX!,2.0,crowler,Ratchet Brewing,Silverton,OR,US,,45.0049305,-122.7832947
JJJuiceee Machine,Treehouse Brewing,Charlton,RI,Imperial or Double India Pale Ale,8.2,2022-02-26,Youtube Video: IT'S FIXED! - Wiwynn Lyra SV315 Review Redux,2.25,draft,,,,,a9453a69-a588-44c2-a0e8-e68d743f8b9d,,
Symphonic Chronic IPA,Deschutes Brewing,Bend,OR,IPA,7.2,2022-02-24,Youtube Video: 4K Professional Monitor for 1440p Money - Innocn 27C1U Art Review,1.5,can,Deschutes Brewing,Bend,OR,US,,44.0581728,-121.3153096
Golden Wheat Ale (Heavenly Body),WellBeing Brewing,,,Wheat Ale (Non-Alcoholic),,2022-02-08,Youtube Video: Can TrueNAS Scale Replace your Hypervisor?,1.75,growler,The Ale House,Vancouver,WA,US,,45.6306954,-122.6744557
Grower Direct IPA,Deschutes Brewing,Bend,OR,IPA,7.0,2022-02-05,Youtube Video: Retro Rocket SFF Gaming PC!,1.75,can,,,,,,,
A Beer That Tastes Like Beer,Big Ditch Brewing,Buffalo,NY,,,2022-01-17,Youtube Video: Keep an eye on your network - Observium Tutorial,2.5,crowler,,,,,,,
Coal Porter,Santiam Brewing,Salem,OR,Brown Porter,6.5,2021-12-30,Youtube Video: The Clean OS Microsoft Won't Sell You,1.25,growler,,,,,5990b0b5-49a6-46ad-91ee-f8fd3d0ee80a,,
Crux Stout,Crux Fermentation Project,Bend,OR,Stout,,2021-12-23,"Youtube Video: Buy Cheap, Buy Twice - Wavlink 300Mbps Outdoor WAP",1.0,can,Crux Fermentation Project,Bend,OR,US,,44.0508375,-121.3079189
Imperial Winter Ale,Fremont Brewing,Seattle,WA,Herb and Spice Beer,8,2021-12-18,Youtube Video: What could go wrong - Retro PC Build FAIL,2.25,growler,The Local,Eugene,OR,US,00085e0f-67df-40c0-8953-4258c2f170e7,44.0505054,-123.0950506
2021 Narwhal Imperial Stout,Sierra Nevada,Chico,CA,Imperial Stout,,2021-11-30,Youtube Video: 10lb of cooler in a 5lb bag? - Arctic Freezer 4U SP3,5.0,draft,,,,,,,
Peak Buster Double IPA,Ghostfish Brewing,Seattle,WA,Double IPA (GF),8.0,2021-11-13,Youtube Video: Projects aren't always successful - nVidia P106-90 Mining GPU,3.5,growler,Ghostfish Brewing,Seattle,WA,US,,47.5763508,-122.3338900
Straight Outta Portland IPA,Migration Brew Co,Portland,OR,IPA,7.3,2021-11-09,Youtube Video: Debloating Windows 11 The Easy Way!,1.25,bottle,,,,,,,
Diablogato Double IPA,Lord Hobo Brewing,Woburn,MA,Double IPA,,2021-11-07,Youtube Video: Jginyue Dual X99 PC Build,2.75,bottle,Foam & Froth,Hood River,OR,US,,45.5311636,-121.6475587
Dead & Dead,Rogue Ales and Spirits,Newport,OR,Wood- and Barrel-Aged Beer,7.9,2019-02-22,Youtube Video: Stop Building RetroPies??? - Aerofara Aero 2 Review,2.0,bottle,Rogue Ales and Spirits,Newport,OR,US,81d40392-7e19-43b9-bb0f-5ecf31642309,44.6367550,-124.0534420
Wake N Bake Chai Latte Imperial Oatmeal Coffee Stout,Terrapin Brewing,Athens,GA,Imperial Oatmeal Coffee Stout,,2021-10-22,Youtube Video: Ask your Storage Admin if ZFS Deduplication is right for you...,4.25,can,,,,,,,
Wanderjack IPA,Breakside Brewing / Barley Brown,Portland,OR,IPA,,2021-10-05,Youtube Video: I'll Make My Own Heatsink - Just add Blackjack,1.25,growler,The Hop Yard,Buffalo,NY,US,,42.8864163,-78.8781493
Golden Dall,49th State Brewing,Healy,AK,Belgian,,2021-09-28,Youtube Video: A Trackball designed for gamers?,4.25,bottle,McGinty's Pub,Seattle,WA,US,,47.6038321,-122.3300620
Double Shot Imperial Stout,Treehouse Brewing,Charlton,MA,Imperial Stout,8.9,2021-05-19,Youtube Video: First World Upgrade Problems - Cloud Gaming Server Edition,4.5,cask,Craft & Barrel,Seattle,WA,US,,47.6038321,-122.3300620
Death of Civilization 01,Adroit Theory,Purcellville,VA,Hazy IPA,8.0,2021-09-12,Youtube Video: TrueNAS Cache Disks with FusionIO Drives,1.5,bottle,Adroit Theory,Purcellville,VA,US,5ec810ac-35c0-495f-acca-5dffb2498709,39.1439547,-77.7203596
Perfect Storm American Double IPA,Treehouse Brewing,Charlton,MA,Double IPA,8.0,2021-09-03,Youtube Video: Use ANY Headless GPU for Gaming in a Virtual Machine!,4.5,can,,,,,c05c0cc5-c588-4273-b302-e55557ec9c51,,
Love Potion #9,Block 15 Brewing,Corvallis,OR,Stout,7.0,2021-08-31,Youtube Video: Gaming Keyboard with Macros for under $50? EVGA Z12 Review,3.0,cask,The Growler Station,Portland,OR,US,,45.5202471,-122.6741940
Better This Way DDH IPA,Anchorage Brewing,Anchorage,AK,DDH IPA,8.4,2021-08-29,Youtube Video: How do you cool an nVidia Tesla GPU?,2.5,can,,,,,2473fa85-7d33-4969-9434-7b83a3c671a0,,
Grootslang BA Imperial Stout,Montgomery Brewing,Montgomery,MN,BA Imperial Stout,,2021-08-25,Youtube Video: $220 for Titan X Performance TODAY????,2.0,can,The Growler Station,Portland,OR,US,f0ec268d-ccf4-4292-9d82-d5e64d5852d5,45.5202471,-122.6741940
Maximus Colossal IPA,Lagunitas Brewing,Petaluma,CA,IPA,9.0,2021-08-18,Youtube Video: This Case Blows!,3.75,draft,,,,,ca935bd2-e946-453b-89a9-50984bc002b7,,
Lil' Sumpthin' Summer Ale,Lagunitas Brewing,Petaluma,CA,IPA,7.5,2021-08-15,Youtube Video: Make GPUs Thin Again! - Galax GTX 1070 KATANA,3.25,cask,Lagunitas,Petaluma,CA,US,66081348-78ce-4f60-b850-2f51709c2aa8,38.2726401,-122.6618976
Glass Volcano Black Lager,Foreland Beer,McMinnville,OR,Schwarzbier,5.0,2021-08-10,Youtube Video: $180 for a Gaming GPU Today??? Gaming on an nVidia Tesla K80!,2.75,growler,Foreland Beer,McMinnville,OR,US,11edd38f-be85-449a-af53-47f68be6e7c7,45.2100367,-123.1944630
Mass Ascension IPA,Ex Novo Brewing,Portland,OR,IPA,6.9,2021-07-31,"Youtube Video: Two Gamers, One GPU from your Windows PC! Hyper-V Paravirtualization Build and Tutorial",5.0,can,Ex Novo Brewing,Portland,OR,US,d2d60cb3-c2f0-4e02-91b0-56454088dd78,45.5202471,-122.6741940
Very Green Double IPA,Treehouse Brewing,Charlton,MA,Double IPA,8.6,2021-07-24,Youtube Video: My Most EPYC Server Build to Date!,3.75,draft,,,,,12a8dd0f-3a32-458e-9397-c46eb77a84ca,,
Beyond Repair DDH IPA,Anchorage Brewing,Anchorage,AK,DDH IPA,6.4,2021-07-20,Youtube Video: Does HP Charge for BIOS and Driver Updates???,4.25,bottle,The Hop Yard,Buffalo,NY,US,3fc71852-b8d4-49b0-aaf2-3a72e91c903f,42.8864163,-78.8781493
What Mask DDH IPA,Anchorage Brewing,Anchorage,AK,DDH IPA,8.4,2021-07-13,Youtube Video: A Dual 2011-3 Server for your Homelab?? - HP DL80 Gen9 Review,4.25,cask,Hopworks Bar & Grill,Eugene,OR,US,de3ce3b5-58f8-4ee6-b2a3-be77b457df3b,44.0505054,-123.0950506
Cold Brew Stout,Block 15 Brewing,Corvallis,OR,Stout,7.0,2021-04-23,Youtube Video: Proxmox vGPU Gaming Tutorial - Share Your GPU With Multiple VMs!,1.0,draft,The Ale House,Vancouver,WA,US,1afc861b-08f1-4b30-bf9b-ac86987a588d,45.6306954,-122.6744557
Govna's Reserve Pirate Stout (2017),Santiam Brewing,Salem,OR,Rum Barrel Aged Imperial Stout,11.5,2021-06-17,Youtube Video: 12 Gamers on 3 GPUs?!? - Cloud Gaming Server Pt.8,3.25,draft,,,,,cba75bc5-e9ed-4ee8-9145-7aa68200c6dd,,
Dumpster Fire 2020,Surly Brewing,Brooklyn Ctr,MN,Hazy IPA,9.7,2021-06-08,Youtube Video: Running out of things to die - TrueNAS Motherboard Replacement,1.25,cask,,,,,373566cc-be0d-48ad-aa92-8bb91d5dcde4,,
Hopper,Matchless Brewing,Tumwater,WA,Hazy IPA,,2021-06-05,"Youtube Video: Buy Lemons, Get Lemonade - Seagate Constellation ES.2 3TB Drives",2.0,can,,,,,f81f5ceb-9124-44a0-833e-facdddbf1604,,
Captain's Daughter DDH IPA,Grey Sail Brewing,Westerly,RI,Imperial or Double India Pale Ale,8.5,2021-05-31,Youtube Video: 16-Port 10Gb Managed Switch for under $400???,3.75,growler,Grey Sail Brewing,Westerly,RI,US,966762b4-815e-40b6-9275-13c7092c731b,41.3775996,-71.8272911
JB Shot First Imperial Red Ale,Ex Novo Brewing,Portland,OR,Imperial Red Ale,,2022-10-15,Youtube Video: Battle of the SFF PCs! AMD VS INTEL!,1.25,growler,,,,,35cd6728-facd-4030-ad0a-cb230a530735,,
Ducking Autocorrect West Coast IPA,Binary Brewing,Portland,OR,West Coast IPA,6.8,2021-05-15,Youtube Video: Down the rabbit hole we go.....,3.75,cask,Binary Brewing,Portland,OR,US,6d786eb7-0808-48c7-886c-92d8d97bd0ce,45.5202471,-122.6741940
Heart of Rubbo,Ex Novo Brewing,Portland,OR,Schwarzbier,4.8,2021-05-11,Youtube Video: A Box Full of Cache!,4.25,cask,,,,,ff0705c7-bca9-4f47-b134-eebf7894a18c,,
HTTPale,Binary Brewing,Portland,OR,,,2021-05-07,Youtube Video: Building my First Custom Keyboard!,2.75,bottle,The Hop Yard,Buffalo,NY,US,,42.8864163,-78.8781493
Ghostfish GF Pale Ale,Ghostfish Brewing,Seattle,WA,Pale Ale (GF),,2021-04-30,Youtube Video: Are CableMod Cables Worth It?,5.0,growler,The Hop Yard,Buffalo,NY,US,b32ca7c3-13af-4f88-97ef-e6c4779d57d8,42.8864163,-78.8781493
Peanut Butter Porter,Shakopee Brewing,Shakopee,MN,Brown Porter,6,2021-04-27,Youtube Video: I've Gone To Plaid! - New Editing PC Build,2.5,crowler,,,,,04f1d4ae-18e7-422f-a1a3-4e3f8e36eb45,,
PB + Death,Iron Horse Brewing,Ellensburg,WA,Dark Smooth Ale,6.53,2021-04-26,Youtube Video: 1999 Called... It Wants Its Trackball Back - Elecom HUGE Review,3.0,can,,,,,,,
XPA American Pale Ale,Coldstream Brewery,Coldstream,Victoria Australia,Pale Ale,5.0,2021-02-27,"Youtube Video: A portable monitor that DOESN'T suck! - Intehill 17"" 240Hz IPS",1.0,bottle,Coldstream Brewery,Coldstream,Victoria Australia,,b9d597c8-d589-46b3-8d41-32ba42856979,-37.7244276,145.3791193
Newport Lights IPA,Rogue Ales and Spirits,Newport,OR,IPA,9.8,2018-12-16,Youtube Video: GeIL Super Luce 3200 RGB Memory - Friday Flights!,3.0,cask,Rogue Ales and Spirits,Newport,OR,US,cb0d3324-0ee9-439e-8be7-d583fe64516e,44.6367550,-124.0534420
Magnetic Fields IPA,Fort George Brewing,Astoria,OR,Hazy IPA,7.2,2021-02-18,Youtube Video: Blinded By The Light - Marsback M1 Keyboard Review,4.25,growler,,,,,9f5ce9c6-68fa-44a9-b51b-0f42b46ca8f3,,
War Tortoise,Loowit Brewing,Vancouver,WA,BA Imperial Stout,9.4,2021-04-03,Youtube Video: GeForce PCIe Passthrough Enabled! But what took so long???,1.0,crowler,,,,,c0895411-0afc-4b93-8e19-141cc5c03af2,,
Fresh out of Flux IPA,Three Magnets Brewing,Olympia,WA,IPA,6.4,2021-02-28,Youtube Video: Careful When You Meet Your Heroes - Building my 2013 Dream PC,3.5,crowler,,,,,8ce34c6c-24df-40d0-b7ad-9be986df5495,,
Tom Yum Beer,Pacific Plate / Bangkok Craft Brewing,Monrovia,CA,American Wheat Beer,5.0,2021-02-27,Youtube Video: New Rack Console! - HP TFT7600 Rackmount Monitor,2.0,crowler,The Local,Eugene,OR,US,1ee13e71-2b3a-4185-b048-c38c61a2419a,44.0505054,-123.0950506
Oh Fudge,Prarie Artisan Ales,Oklahoma City,OK,Pastry Stout,11.0,2021-02-23,Youtube Video: Can They Be Saved??? PC's from the office flood,4.25,cask,The Hop Yard,Buffalo,NY,US,,42.8864163,-78.8781493
PA to LA Amber Lager,Indie Brewing Co,Los Angeles,CA,Amber Lager,4.4,2021-02-21,Youtube Video: Made for Giants.... Putorsen Electric Sit/Stand Workstation,1.5,growler,,,,,,,
Strat Your Stuff Hazy IPA,Ex Novo Brewing,Portland,OR,Hazy IPA,6.9,2021-02-11,Youtube Video: Let's talk about VLANs,1.75,growler,Ex Novo,Portland,OR,US,1b268721-825a-4a23-a9e4-12520b20bb1a,45.5202471,-122.6741940
Velvet Panda Oatmeal Stout,Kettel Beerworks,,North Carolina,Oatmeal Stout,5.5,2021-02-07,Youtube Video: Building Four Servers in One Day!,4.75,growler,Draft Republic,San Diego,CA,US,9d74fef9-1aea-4c00-8893-4c4d12b506ae,33.1245356,-117.3243667
Mocha Death,Iron Horse Brewing,Ellensburg,WA,Coffee/Cocoa Ale,,2021-02-05,Youtube Video: OLOy Owl DDR4 RAM - Is it any good?,3.5,can,The Fermentation Lounge,Minneapolis,MN,US,1917eccd-144d-4a0d-8da4-98a7cf7872ad,44.9772995,-93.2654692
Celebration Fresh Hop IPA,Sierra Nevada,Chico,CA,Fresh Hop IPA,6.80,2021-02-01,Youtube Video: Testing New Xeon CPUs for New Servers!,3.25,growler,,,,,b2401a85-9fc8-4d86-99ee-fbd7b3f38032,,
Aufschneider,Freigeist Bierkultur,,Germany,Hoppy Hefeweizen,,2021-01-28,Youtube Video: PiHole as a Recursive DNS Server Tutorial,3.5,cask,The Local,Eugene,OR,US,aedfa7ee-869a-4778-a65e-29b0b74fe08c,44.0505054,-123.0950506
Battlestar IPA,Crux Fermentation Project,Bend,OR,IPA,,2021-01-26,Youtube Video: Gaming PC in an XBOX One S - Making Everything Fit,5.0,cask,The Local,Eugene,OR,US,d73defbd-085c-4200-9f1b-ba8b6ed310df,44.0505054,-123.0950506
ESB Extra Special English Pale,Fiatland Brewing Company,,,ESB,,2021-01-18,Youtube Video: Making my own Single Slot GPU Cooler,5.0,crowler,Fiatland Brewing Company,,,,24782c66-9e8b-4438-914e-8b3c453f91f2,,
Eastside IPA,Single Hill Brewing,Yakima,WA,IPA,6.8,2021-01-12,Youtube Video: The KVM of my Dreams! ...Almost - TinyPilot RPi Network KVM,2.0,bottle,Brewski Bar,Bend,OR,US,3df9830a-67ea-4365-bc30-6eee3ec71fe5,44.0581728,-121.3153096
Fine Whatever NE IPA,Shakopee Brewing,Shakopee,MN,NE IPA,6.5,2021-01-10,Youtube Video: Sapphire RX 6800 Nitro+... Ludicrous Speed!,1.75,bottle,Foam & Froth,Hood River,OR,US,b65ee65b-98c5-4d03-92f7-116996dedeb0,45.5311636,-121.6475587
SHIFT HAPPENS DDH Lager,Schell's Beer,New Ulm,MN,DDH Lager,9.0,2020-12-29,Youtube Video: THIS is what Windows 10 should look like! - Custom Windows Image Tutorial,4.5,can,The Ale House,Vancouver,WA,US,36aca0a5-067c-4bf9-96e3-62b0b2752466,45.6306954,-122.6744557
Magnanimous,Fort George Brewing,Astoria,OR,Winter IPA,7.0,2020-12-14,Youtube Video: Plex on ProxMox Tutorial WITH nVidia Hardware Encoding,5.0,growler,The Hop Yard,Buffalo,NY,US,d7e3bbc2-cd83-4b67-a2db-2f0e61abf6bb,42.8864163,-78.8781493
Oatis Oatmeal Stout,Ninkasi Brewing,Eugene,OR,Oatmeal Stout,,2020-12-10,Youtube Video: Dual 2011 Server with Rails for less than $150!,3.5,crowler,Hopworks Bar & Grill,Eugene,OR,US,e7b9c6cb-1b21-410e-9b3c-f8c56e4bf863,44.0505054,-123.0950506
Accumulation White IPA,New Belgium Brewing,Fort Collins,CO,White IPA,,2020-12-02,Youtube Video: Build a Budget PC with... Intel???,3.5,draft,The Growler Station,Portland,OR,US,90614c9b-ce9e-4d1c-83fd-aa76a532e7b9,45.5202471,-122.6741940
Steady Orbit IPA,Ninkasi Brewing,Eugene,OR,IPA,4.5,2020-11-22,Youtube Video: Released 1 day early for members.,2.25,crowler,,,,,ec82c78e-0b56-419d-affa-669b51125631,,
Scotch Ale,Rohrbach Brewing,Rochester,NY,Scotch Ale,6.9,2020-11-11,Youtube Video: Remote Access to ANY server - Guacamole WebApp Tutorial,1.5,crowler,,,,,,,
Walnut River Coffee Beer,Walnut River Brewing,El Dorado,KS,Coffee Beer,6.6,2020-11-11,Youtube Video: Things are about to get... Meshy...,4.75,bottle,The Local,Eugene,OR,US,180c7b2c-659d-4f7f-90de-fb1efa06d652,44.0505054,-123.0950506
Mansion Brew Imperial Wheat Stout w/ Coffee,Torn Label / Thou Mayest,Kansas City,MO,Imperial Wheat Stout,8.8,2020-09-19,Youtube Video: ProxMox High Availability Cluster,1.5,crowler,Suds & Grub,Corvallis,OR,US,6a3db5ea-5fd7-40e5-b271-51e4d44634e5,44.5645659,-123.2620435
Cavatica Stout,Fort George Brewing,Astoria,OR,American-Style Stout,8.8,2020-10-28,Youtube Video: $169 1080p 144Hz Monitor - Is it any good???,5.0,growler,,,,,76f1634d-6ef2-471d-a9f8-e7c8c0bf98ed,,
2020 Narwhal Imperial Stout,Sierra Nevada,Chico,CA,Imperial Stout,10.2,2020-10-23,"Youtube Video: Hot Swap Storage in a PCIe Slots??? - IcyDock 2.5"" SSD + PCIe Hotswap",3.25,bottle,Craft & Barrel,Seattle,WA,US,087138dd-4722-49e0-99e2-b01836cbe5d1,47.6038321,-122.3300620
V6,Wichita Brewing,Wichita,KS,IPA,7.0,2020-10-06,,5.0,bottle,Craft & Barrel,Seattle,WA,US,,47.6038321,-122.3300620
Kveik Black Oat IPA,Walnut River / Norsemen,El Dorado,KS,Black Oat IPA,7.7,2020-10-06,Youtube Video: Released 1 day early for members.,4.0,draft,Hopworks Bar & Grill,Eugene,OR,US,,44.0505054,-123.0950506
Vortex IPA,Fort George Brewing,Astoria,OR,American-Style India Pale Ale,7.7,2020-09-29,Youtube Video: The sketchiest water cooling loop ever!,2.75,draft,,,,,fa65295b-daa8-4ce9-af06-97a9f21e2266,,
DIY Oatmeal Stout,Liberty Cap Brewing,,,Oatmeal Stout,,2020-09-29,Youtube Video: Triple-A Gaming on the Lowest Possible Specs,3.75,crowler,,,,,,,
Shaven Yak,Wichita Brewing,Wichita,KS,English Brown Ale,5.0,2020-09-29,Youtube Video: Unifi Dream Machine Pro - Setup and Installation,1.0,growler,,,,,,,
WuShock Wheat,Wichita Brewing,Wichita,KS,Wheat Ale,4.5,2020-09-16,Youtube Video: Huananzhi X99 Finally Overclocked,2.75,draft,Wichita Brewing Co,Wichita,KS,US,,37.6922361,-97.3375448
Goldihops,Torn Label Brewing,Kansas City,MO,American Golden Ale,4.8,2020-09-16,Youtube Video: Second Screen for my Laptop... Good idea???,2.25,crowler,Torn Label Brewing,Kansas City,MO,US,,39.0925081,-94.5730932
Holy D'hiver,Loowit Brewing,Vancouver,WA,Belgian Winter Strong Ale,,2020-09-16,Youtube Video: Released 3 days early for members.,4.0,growler,The Taproom,Portland,OR,US,,45.5226257,-122.6903512
Fresh Squeezed IPA,Deschutes Brewing,Bend,OR,"Fresh ""Wet"" Hop Ale",6.4,2020-08-29,Youtube Video: How To Cable Manage Your Server Rack!,3.0,growler,,,,,04cc69e9-8350-422c-bcb0-de19538df3a3,,
Incredible Pulp,Breakside Beer,Bend,OR,Blood Orange Extra IPA,6.0,2020-08-21,Youtube Video: Commodore 64 meets Raspberry Pi - Zyvhur K100 Multitop Review,3.0,draft,,,,,,,
Juicy Bear IPA,Hopworks Urban Brewery (HUB),Portland,OR,IPA,6.5,2020-08-18,Youtube Video: Chinese X79 Xeon Overclocking!,2.0,growler,,,,,,,
Summer Breeze Lemon Shandy,Kansas Territory Brewing,Washington,KS,Shandy,,2020-08-13,Youtube Video: TrueNAS Migration Tutorial,5.0,can,McGinty's Pub,Seattle,WA,US,,47.6038321,-122.3300620
Tasty,21st Amendment Brewing,San Leandro,CA,IPA,6.8,2020-08-07,Youtube Video: IT'S WORKING! Cloud Gaming Server Benchmarked!,3.25,draft,The Local,Eugene,OR,US,,44.0505054,-123.0950506
Trickle Up Economics,Three Magnets Brewing,Olympia,WA,Hazy IPA,6.5,2020-07-26,"Youtube Video: (EARLY ACCESS) TrueNAS 12.0 - Datasets, Permissions, Snapshots, OH MY!",1.0,growler,Three Magnets Brewing,Olympia,WA,US,,47.0451022,-122.8950075
Perle Haggard Dry-hopped Pilsner,Ex Novo Brewing,Portland,OR,Pilsner,5.1,2020-05-30,Youtube Video: FreeNAS / TrueNAS 12.0 Install Tutorial,4.75,can,,,,,,,
Prince Charles Wee Heavy Scotch Ale,Santiam Brewing,Salem,OR,Scotch Ale,9.2,2020-07-19,Youtube Video: My biggest server build yet! 88TB TrueNAS Core Build.,1.0,growler,Santiam Brewing,Salem,OR,US,,44.9160602,-123.0199930
Stormchaser IPA,Free State Brewing,Lawrence,KS,IPA,5.5,2020-07-14,"Youtube Video: ProxMox - Migration, Backup, and Restoration Tutorial",2.25,cask,Free State Brewing,Lawrence,KS,US,,38.9717291,-95.2355368
I'm not a HAZY I just crush a lot,Level Beer,Portland,OR,IPA,5.8,2020-07-11,Youtube Video: Is a Sound Card worth it in 2020?,2.0,bottle,,,,,,,
Five Pound Hammer Hazy IPA,Level Beer,Portland,OR,Hazy IPA,7.0,2020-07-08,Youtube Video: 2020's Best Budget GPU 2020 - 5500 XT vs GTX 1660 vs RX 580,2.0,bottle,The Pour House,Bend,OR,US,,44.0581728,-121.3153096
EL JEFE,J. Wakefield Brewing,Miami,FL,Hefeweizen,5.0,2020-06-29,Youtube Video: Chinese X99 Workstation... Does it work?,3.75,crowler,,,,,,,
Dynamic Duo,Ex Novo Brewing,Portland,OR,Imperial or Double India Pale Ale,8,2020-06-26,Youtube Video: It's a Switch... It's a Server... It's BOTH! - QNAP QGD-1600p Server Switch Combo,1.5,can,Ex Novo Brewing,Portland,OR,US,5baaebdf-56b3-40ef-85e5-be50f5b086ae,45.5202471,-122.6741940
Island Waves,Revision Brewing,Sparks,NV,Hopped Ale,4.0,2020-06-19,Youtube Video: 64GB of DDR4-3600 in an ITX PC!,1.5,draft,The Ale House,Vancouver,WA,US,,45.6306954,-122.6744557
Witch Window Dry-Hopped Pilsner,Ex Novo Brewing,Portland,OR,Pilsner,5.4,2019-06-25,Youtube Video: Raspberry Pi Home Server - NxFilter Tutorial,4.5,growler,,,,,,,
Irresistible Amber Ale,Madison River Brewing Co,Belgrade,MT,Amber Ale,,2020-05-15,"Youtube Video: What's in my home network? Servers and switches and fiber, OH MY!",4.75,bottle,,,,,,,
Six of Swords Hazy Triple IPA,Anchorage Brewing,Anchorage,AK,Triple IPA,9.50,2020-05-02,Youtube Video: EPYC Cloud Gaming Server Build - GTX 690 Editon - Part 4 of ?,3.75,draft,,,,,7830c4bc-4729-4955-8fd8-37f8049aa22b,,
Fresh Funk Wild IPA,Deschutes Brewing,Bend,OR,Wild IPA,6.0,2020-04-19,Youtube Video: The $640 Budget Gaming PC with $1M Looks,3.75,can,Draft Republic,San Diego,CA,US,066b8c22-41af-46a2-bbda-dba200493a28,33.1245356,-117.3243667
Curiosity Eighty Seven,Tree House Brewing,Charlton,MA,Double IPA,8.0,2020-04-11,Youtube Video: Does SSD Speed matter for Cine Cameras? - Lexar SL100 Pro vs Samsung T5,4.25,growler,The Growler Station,Portland,OR,US,6e1d9364-f0c0-4491-b972-c9302abe3d6f,45.5202471,-122.6741940
Nitro Cold Brew Cream Ale,New Belgium Brewing,Fort Collins,CO,Cream Ale,5.0,2019-09-18,Youtube Video: Substance or just Style? Fractal Design Celsius+ S24 Prisma Review,4.0,growler,,,,,f115b33f-b6b1-435c-9be6-9cf4d3870294,,
Crazy Aunt,Insight Brewing,Minneapolis,MN,Specialty Beer,6,2020-03-28,Youtube Video: THIS is what VR should be! Benchmarking Half Life Alyx and other things...,2.25,growler,,,,,4827d12a-e8d7-4303-95c5-49b9e5b0d57a,,
Pour Pour Pitiful Me Belgian Quadrupel,Monkless Belgian Ales,Bend,OR,Quadrupel,,2020-03-19,Youtube Video: Living Room VR PC Build! - Fractal Design Era ITX,4.5,cask,,,,,46d5d76a-8422-489e-ad6d-e685d8945fad,,
Brother Thelonious,North Coast Brewing,Fort Bragg,CA,Belgian-Style Dark Strong Ale,9.4,2020-03-14,Youtube Video: Chinese x89 Motherboard??? Piledriver or just a pile?,1.5,cask,North Coast Brewing,Fort Bragg,CA,US,f94adaef-ccbf-40cb-af63-60887655b511,39.4464040,-123.8062159
Erebus Coffee Stout,Labrynth Brewery / Daybreak Coffee,Manchester,CT,Stout,5.6,2020-03-04,"Youtube Video: Fixing my $1,150 Gaming PC with a be quiet! Shadow Rock 3",2.5,growler,,,,,6424e8f9-acd4-4795-af8f-1d2d3127b1e7,,
Shrouded Summit Belgian White,Ghostfish Brewing,Seattle,WA,Belgian White (GF),,2020-02-29,Youtube Video: Fractal Define 7 Review - The ultimate home server chassis?,3.25,crowler,,,,,ae2d6ad1-b85e-4575-a1a2-6097b93e2410,,
Organic Chocolate Stout,Samuel Smith's,Tadcaster,UK,Sweet or Cream Stout,5,2020-02-16,Youtube Video: nVidia GRID/Tesla Gaming Server Pt.3... IT WORKS!... kinda...,1.5,draft,Samuel Smith's,Tadcaster,UK,US,ecfb4d9c-c871-4591-a19a-9325dbab7b36,,
Furious IPA,Surly Brewing,Brooklyn Ctr,MN,IPA,,2020-02-16,Youtube Video: $1150 Gaming PC Build... mistakes were made.,4.75,bottle,,,,,ed7ddcc2-844b-4af0-a65d-d71bbe21a7d4,,
Lilith's Brethren,Anchorage Brewing,Anchorage,AK,IPA,,2020-01-28,Youtube Video: BEST Gaming Monitor Under $500??? - BenQ EX2780Q 1440p Monitor Review,4.75,crowler,Craft & Barrel,Seattle,WA,US,,47.6038321,-122.3300620
Juice Jr,Great Notion Brewing,Portland,OR,IPA,6.0,2020-01-22,Youtube Video: Threadripper Video Editing Rig Upgrade... Two Years Late...,2.75,growler,,,,,,,
Brown Shuga',Lagunitas Brewing,Petaluma,CA,Brown Ale,10.0,2020-01-20,Youtube Video: EVGA RTX 2060 KO. Ray Tracing for less than $300?,2.5,growler,The Hop Yard,Buffalo,NY,US,8c9a9ad4-7496-4c39-b1a6-0b2d69e5e014,42.8864163,-78.8781493
Stone Enjoy By 01.01.20,Stone Brewing,Escondido,CA,Unfiltered IPA,9.6,2020-01-02,Youtube Video: ProxMox and FreeNAS C-C-C-COMBO SERVER! With a bit of Chinese x79...,4.0,can,The Pour House,Bend,OR,US,c1c21bae-b982-4c23-8701-03c305b0361f,44.0581728,-121.3153096
Total Domination,Ninkasi Brewing,Eugene,OR,Double IPA,,2019-11-17,Youtube Video: I'm back! Asus ROG Strix 5700 Review,4.75,cask,The Beerded Lady,Portland,OR,US,408d4e84-2207-4689-9176-93de36a09a24,45.5202471,-122.6741940
Cherry Lemon Sour Ale,Wild Ride Brewery,Redmond,OR,Sour Ale,5.6,2019-09-29,Youtube Video: A New Challenger! DeepCool Assassin III vs Noctua vs be quiet!,2.5,crowler,Wild Ride Brewery,Redmond,OR,US,7f770655-ca98-4e65-98be-b66908869949,44.2740500,-121.1728980
Nitro Irish Stout,Kells Brewery,Portland,OR,Stout,4.2,2019-09-18,Youtube Video: Fractal Design Vector RS Review,4.25,growler,,,,,,,
Stone Farking Wheaton W00tstout (2019),Stone Brewing,Escondido,CA,Imperial Stout,,2019-09-10,Youtube Video: Ryzen 3700X + 1080 Ti Gaming Build. And maybe some RGB...,2.5,crowler,,,,,0bd9155e-fa72-4a75-962f-ca91b8ad1fb3,,
Red on Rye BA Red Ale,Lompac Brewing,Portland,OR,BA Red Ale,6.0,2019-09-02,Youtube Video: I have lost my mind... nVidia GRID/Tesla Gaming Server,4.5,growler,Lompac Brewing,Portland,OR,US,,45.5202471,-122.6741940
Pale to the People,Level Beer,Portland,OR,Pale Ale,,2019-08-18,Youtube Video: Ryzen 5 2600 to 3600 Upgrade - Worth it?,2.75,can,Draft Republic,San Diego,CA,US,677ebb1b-844a-42c1-bf5b-4eb567bb809f,33.1245356,-117.3243667
Upper Left NW IPA,Old Town Brewing,Portland,OR,IPA,6.3,2019-08-10,Youtube Video: $130 for this? AverMedia Live Gamer Mini Review,5.0,growler,Sullivan's Taphouse,Portland,OR,US,e71fd287-1224-47a2-ab52-2b7d32b31ddc,45.5202471,-122.6741940
Two Hearted Ale,Bells Brewery,Comstock,MI,American-Style India Pale Ale,7,2019-08-06,Youtube Video: STAR TREK GAMING DESK!,1.75,draft,Bells Brewery,Comstock,MI,US,63935f3f-9b68-4a26-acaa-c1254d54a0e4,42.2867083,-85.5133374
Sierra Nevada Pale Ale,Sierra Nevada,Chico,CA,Pale Ale,5.60,2019-07-04,"Youtube Video: YOU'LL GET CAUGHT UP IN THE....... CROSSFIRE! And Chinese X79, too!",1.75,cask,,,,,0006152e-b186-4c2b-9f58-b902fe52983e,,
Play it Again Dry-hopped Pilsner,Level Beer,Portland,OR,Pilsner,,2020-08-23,Youtube Video: Best Looking AIO EVER!!! DeepCool GamerStorm Castle 240EX Review,4.0,draft,,,,,3a1cd9f9-e09e-44b2-a8de-5c33c5b3cbcb,,
Holy Moley,The Alchemist,Stowe,VT,Imperial or Double India Pale Ale,7.8,2019-06-21,Youtube Video: Pro-level WiFi at Home - Ubiquiti Unifi NanoHD Review,4.75,cask,The Alchemist,Stowe,VT,US,86c9b561-3271-4bd0-9fec-eb19d8d04e5f,44.4759924,-72.7155626
Winter Wheat Ale,Bells Brewery,Comstock,MI,Belgian Wheat,,2019-06-07,Youtube Video: What is RAID???,3.75,can,The Local,Eugene,OR,US,,44.0505054,-123.0950506
Twilight Summer Ale,Deschutes Brewing,Bend,OR,American-Style Pale Ale,5,2019-06-01,Youtube Video: Retro-style Pixel Art Screen! Divoom Tivoo Review,2.0,bottle,Deschutes Brewing,Bend,OR,US,a1a8f61c-994a-4da2-a779-eb7408726304,44.0467358,-121.3220544
Weizen,Westphalener,Marsberg,Germany,Hefeweizen,,2019-05-30,"Youtube Video: GTX 1650 Revisit - I was accurate, but wrong...",1.75,cask,,,,,,,
Doublecross Dark Belgian-Style Ale,Crux Fermentation Project,Bend,OR,Belgian Dark Ale,,2019-05-24,Youtube Video: InWin RS212 Temperature Testing,5.0,draft,,,,,97d9cd30-983a-425c-8cc4-953839af7457,,
Game On IPA,Level Beer,Portland,OR,IPA,6.5,2019-05-17,Youtube Video: Active Noise Canceling Wireless Headphones for $59??? - Friday Flights,2.5,can,Sullivan's Taphouse,Portland,OR,US,,45.5202471,-122.6741940
Bonus Track: 7,Foam Brewing,Burlington,VT,Hazy IPA,6.5,2019-05-12,Youtube Video: Shhh... be quiet! Dark Base Pro 900 Rev.2 Review,4.25,bottle,Foam Brewing,Burlington,VT,US,cbefda3e-b269-40c7-8082-c54b58809a27,44.4761601,-73.2129060
Rev It Up Stout,Ratchet Brewing,Salem,OR,Stout,5.8,2019-05-05,"Youtube Video: Great performance, Little Package - Scythe Big Shuriken 3 Review",2.75,cask,,,,,492087e2-162e-49e0-a3d9-909e8013d955,,
Uff-da,New Glarus Brewing Co,New Glarus,WI,Traditional German-Style Bock,6.8,2019-04-20,Youtube Video: Server Room Build Part 2!!! Virtualization Server Build!,1.5,draft,Craft & Barrel,Seattle,WA,US,ac049545-66c6-4f3a-be46-bb9ad0de3a3b,47.6038321,-122.3300620
Bubble Stash IPA,Hop Valley,Eugene,OR,IPA,6.2,2019-04-13,Youtube Video: Noctua NH-U12A - Most Impressive,4.0,crowler,,,,,,,
Rhodes' Scholar Stout,South Shore Brewery,Ashland,WI,American-Style Stout,5,2019-04-09,Youtube Video: InWin A1 Plus... It's bigger on the inside,4.25,crowler,South Shore Brewery,Ashland,WI,US,a4b3fb43-db05-47e7-8986-2f282ecd2904,46.5873308,-90.8923551
Bridgeport IPA,Bridgeport Brewing,Portland,OR,IPA,,2019-04-06,Youtube Video: Brand New Addressable RGB Fan Kits!,3.0,draft,The Taproom,Portland,OR,US,1f73bfc0-22a1-4543-a8e7-3320ffc2c5ef,45.5226257,-122.6903512
